{
  "Family": "Shelves_828x400_5 piece_FUR",
  "Family Type": "828x400mm",
  "loopVertices": [
    [
      {
        "Y": -200,
        "X": 413.99998426437384,
        "Z": 0
      },
      {
        "Y": 200,
        "X": 413.99998426437384,
        "Z": 0
      },
      {
        "Y": 200,
        "X": -413.99998426437384,
        "Z": 0
      },
      {
        "Y": -200,
        "X": -413.99998426437384,
        "Z": 0
      }
    ]
  ],
  "dumpDateUTC": "2018-12-05T06:25:46.376"
}