{
  "Family": "Table_Rectangular_With Wheels_Adjustable_FUR",
  "Family Type": "Dining Table 1500x1500",
  "loopVertices": [
    [
      {
        "Y": -750.0000057220459,
        "X": 769.38159885406492,
        "Z": 0
      },
      {
        "Y": 750.0000057220459,
        "X": 769.38159885406492,
        "Z": 0
      },
      {
        "Y": 750.0000057220459,
        "X": -769.42963371276858,
        "Z": 0
      },
      {
        "Y": -750.0000057220459,
        "X": -769.42963371276858,
        "Z": 0
      }
    ]
  ],
  "dumpDateUTC": "2018-12-05T06:26:09.078"
}