{
  "Family": "White Board_Mobile_FUR",
  "Family Type": "960-1015W x 1860H",
  "loopVertices": [
    {
      "Y": -115.8618046833563,
      "X": -490.06946858328189,
      "Z": 0
    },
    {
      "Y": -115.86180468335975,
      "X": 579.47012145061922,
      "Z": 0
    },
    {
      "Y": -657.24956231338308,
      "X": 579.47012145061728,
      "Z": 0
    },
    {
      "Y": -657.249562313379,
      "X": -490.06946858328104,
      "Z": 0
    }
  ],
  "dumpDateUTC": "2019-05-01T05:34:36.657"
}